﻿<?xml version="1.0" standalone="yes"?>
<addon id="xbmc.repo.monkeemedia.ch"
        name="Monkeemedia.ch Software"
        version="0.0.14"
        provider-name="monkeemedia.ch">
 <extension point="xbmc.addon.repository"
      name="Monkeemedia.ch Software">
        <info>https://raw.githubusercontent.com/monkee-ch/mediacenter/master/addons.xml</info>
        <checksum>https://raw.githubusercontent.com/monkee-ch/mediacenter/master/addons.xml.md5</checksum>
        <datadir zip="false">https://github.com/monkee-ch/mediacenter</datadir>

    </extension>
    <extension point="xbmc.addon.metadata">
        <summary>Monkeemedia.ch approved Software</summary>
        <description>von Monkeemedia.ch zusammengestellte Software für ihr Home Entertainement System!</description>
        <disclaimer>No Risk! No Fun!</disclaimer>
        <platform>all</platform>
    </extension>
</addon>
